{"cameraMode":{"drawMode":0,"name":"Shaded","section":"Shading Mode"},"sceneLighting":true,"audioPlay":false,"sceneViewState":{"showFog":true,"showMaterialUpdate":false,"showSkybox":true,"showFlares":true,"showImageEffects":true,"showParticleSystems":true},"in2DMode":false,"pivot":{"x":0.9177215695381165,"y":-0.9217742681503296,"z":2.379000663757324},"rotation":{"x":0.2070726603269577,"y":0.29544463753700259,"z":-0.06576026231050492,"w":0.9303273558616638},"size":4.420886039733887,"orthographic":false}